<?xml version='1.0' ?>
<Manifest>
    <Id>wf4uw33040</Id>
    <Secret>D874B5D7F8EB56E8A3E112B7E4D6AA56</Secret>
  <AppVersion>1.0.2</AppVersion>
  <ManifestVersion>1.2</ManifestVersion>
  <AppType>C++App</AppType>
    <Privileges>
        <Privilege>
            <Name>AD_SERVICE</Name>
        </Privilege>
        <Privilege>
            <Name>APP_SERVICE</Name>
        </Privilege>
        <Privilege>
            <Name>LOCATION</Name>
        </Privilege>
        <Privilege>
            <Name>LOCATION_SERVICE</Name>
        </Privilege>
        <Privilege>
            <Name>CAMERA</Name>
        </Privilege>
        <Privilege>
            <Name>IMAGE</Name>
        </Privilege>
        <Privilege>
            <Name>RECORDING</Name>
        </Privilege>
        <Privilege>
            <Name>HTTP</Name>
        </Privilege>
        <Privilege>
            <Name>SYSTEM_SERVICE</Name>
        </Privilege>
        <Privilege>
            <Name>TELEPHONY</Name>
        </Privilege>
        <Privilege>
            <Name>TELEPHONY_LOCATION</Name>
        </Privilege>
        <Privilege>
            <Name>WEB_SERVICE</Name>
        </Privilege>
    </Privileges>
    <DeviceProfile>
        <APIVersion>2.0</APIVersion>
    </DeviceProfile>
</Manifest>